{
  "negative": {
    "precision": 0.9122557003257329,
    "recall": 0.8962,
    "f1-score": 0.9041565778853915,
    "support": 5000.0
  },
  "positive": {
    "precision": 0.8979952830188679,
    "recall": 0.9138,
    "f1-score": 0.9058287073750991,
    "support": 5000.0
  },
  "accuracy": 0.905,
  "macro avg": {
    "precision": 0.9051254916723004,
    "recall": 0.905,
    "f1-score": 0.9049926426302453,
    "support": 10000.0
  },
  "weighted avg": {
    "precision": 0.9051254916723003,
    "recall": 0.905,
    "f1-score": 0.9049926426302453,
    "support": 10000.0
  }
}