{
  "negative": {
    "precision": 0.8570862239841427,
    "recall": 0.8648,
    "f1-score": 0.8609258337481334,
    "support": 5000.0
  },
  "positive": {
    "precision": 0.8635721493440969,
    "recall": 0.8558,
    "f1-score": 0.8596685082872928,
    "support": 5000.0
  },
  "accuracy": 0.8603,
  "macro avg": {
    "precision": 0.8603291866641198,
    "recall": 0.8603000000000001,
    "f1-score": 0.8602971710177131,
    "support": 10000.0
  },
  "weighted avg": {
    "precision": 0.8603291866641197,
    "recall": 0.8603,
    "f1-score": 0.8602971710177131,
    "support": 10000.0
  }
}