{
  "negative": {
    "precision": 0.9013184178985217,
    "recall": 0.9024,
    "f1-score": 0.9018588846691985,
    "support": 5000.0
  },
  "positive": {
    "precision": 0.9022827392871445,
    "recall": 0.9012,
    "f1-score": 0.9017410446267761,
    "support": 5000.0
  },
  "accuracy": 0.9018,
  "macro avg": {
    "precision": 0.9018005785928331,
    "recall": 0.9017999999999999,
    "f1-score": 0.9017999646479873,
    "support": 10000.0
  },
  "weighted avg": {
    "precision": 0.9018005785928331,
    "recall": 0.9018,
    "f1-score": 0.9017999646479872,
    "support": 10000.0
  }
}